Risk ID,Process Step,Risk,Key Control,Control Owner,Control Type,Risk Rating,Control ID
RC-01,Purchase Requisition,Unauthorized or unnecessary purchases,Purchase requisitions require approval based on delegated authority limits before procurement commitment,Department Manager,Preventive,Medium,C-01
RC-02,Purchase Order,Purchase commitment without approved authorization,System and procurement procedures require an approved requisition before a purchase order is issued,Procurement Manager,Preventive,High,C-02
RC-03,Vendor Creation,Fictitious or unauthorized supplier created,New vendors require supporting documentation and independent approval by Finance,Finance Manager,Preventive,High,C-03
RC-04,Vendor Bank Details,Fraudulent change to supplier bank account,Changes to supplier bank details require independent verification and documented approval,AP Manager,Preventive,High,C-04
RC-05,Goods Receipt,Payment for goods or services not received,Receiving personnel record receipt in the system before invoice payment eligibility,Receiving Officer,Preventive,High,C-05
RC-06,Invoice Processing,Duplicate or inaccurate supplier payment,Accounts Payable performs a three-way match between PO receipt and invoice,AP Accountant,Detective,High,C-06
RC-07,Payment Approval,Unauthorized cash outflow,Payment batches are reviewed and approved according to documented authority limits,Finance Manager,Preventive,High,C-07
RC-08,System Access,Users have incompatible responsibilities,Access rights are mapped to job roles and incompatible combinations are restricted,IT Manager,Preventive,High,C-08
RC-09,Control Monitoring,Control exceptions remain unresolved,Finance maintains a monthly exception log and reports overdue items to management,Finance Manager,Detective,Medium,C-09
RC-10,Documentation,Insufficient audit evidence,Supporting documents and approval evidence are retained in a central document repository,AP Manager,Preventive,Medium,C-10
